W_type,Em_F
Waste1,0.101200012
Waste2,0.074066667
Waste3,0.077366667
Waste4,0.0715
